Website quote comparison — Growth Masala,,,
Field,Supplier A,Supplier B,What to confirm
Supplier name,,,Use the written quote; keep unknown values blank
Build price before tax (INR),,,One-time amount
Tax on build (INR),,,Ask supplier for final applicable tax amount
Domain year 1 (INR),,,Included or separate; whose account?
Domain year 2 (INR),,,Renewal rather than introductory price
Domain year 3 (INR),,,Use confirmed quote or clearly label estimate
Hosting year 1 (INR),,,Included or separate
Hosting year 2 (INR),,,Renewal cost and limits
Hosting year 3 (INR),,,Use confirmed quote or clearly label estimate
Required support year 1 (INR),,,Separate required fees from optional care
Required support year 2 (INR),,,Confirm number and scope of edits
Required support year 3 (INR),,,Confirm number and scope of edits
Other required one-time costs (INR),,,Writing; images; migration; integrations
Other required recurring costs over 3 years (INR),,,Subscriptions; apps; payment or messaging costs
Three-year total (INR),,,Add confirmed amounts above without double counting; this CSV contains no formulas
Page count and page list,,,Name each included page
Who supplies content and photos?,,,List approvals and responsibilities
Domain and hosting ownership,,,Confirm account access and exit process
Mobile and performance checks,,,Agree checks and acceptance criteria
SEO launch scope,,,Titles; canonicals; sitemap; indexing access
Enquiry destination,,,WhatsApp; email; CRM; who answers?
Revisions and post-launch support,,,State period and limits
Excluded work,,,Ongoing SEO; ads; subscriptions; photography
Quote expiry and payment stages,,,Confirm directly with supplier
Prepared on,,,Record date and source quote links
